<?xml version="1.0" encoding="UTF-8"?>
<project-private xmlns="http://www.netbeans.org/ns/project-private/1">
    <editor-bookmarks xmlns="http://www.netbeans.org/ns/editor-bookmarks/2" lastBookmarkId="0"/>
    <open-files xmlns="http://www.netbeans.org/ns/projectui-open-files/2">
        <group>
            <file>file:/C:/Users/Larry%20polin/Downloads/Edukes%20(3)/Edukes%20(2)/Edukes%20(1)/Edukes/src/adminpanel/A_Artikel.java</file>
            <file>file:/C:/Users/Larry%20polin/Downloads/Edukes%20(3)/Edukes%20(2)/Edukes%20(1)/Edukes/src/adminpanel/A_Obat.java</file>
            <file>file:/C:/Users/Larry%20polin/Downloads/Edukes%20(3)/Edukes%20(2)/Edukes%20(1)/Edukes/src/adminpanel/A_Penyakit.java</file>
            <file>file:/C:/Users/Larry%20polin/Downloads/Edukes%20(3)/Edukes%20(2)/Edukes%20(1)/Edukes/src/adminpanel/A_Main.java</file>
            <file>file:/C:/Users/Larry%20polin/Downloads/Edukes%20(3)/Edukes%20(2)/Edukes%20(1)/Edukes/src/userpanel/DashboardArtikel.java</file>
            <file>file:/C:/Users/Larry%20polin/Downloads/Edukes%20(3)/Edukes%20(2)/Edukes%20(1)/Edukes/src/userpanel/DashboardAwal.java</file>
            <file>file:/C:/Users/Larry%20polin/Downloads/Edukes%20(3)/Edukes%20(2)/Edukes%20(1)/Edukes/src/userpanel/DashboardEditProfil.java</file>
            <file>file:/C:/Users/Larry%20polin/Downloads/Edukes%20(3)/Edukes%20(2)/Edukes%20(1)/Edukes/src/userpanel/DashboardObat.java</file>
            <file>file:/C:/Users/Larry%20polin/Downloads/Edukes%20(3)/Edukes%20(2)/Edukes%20(1)/Edukes/src/userpanel/DashboardPenyakit.java</file>
            <file>file:/C:/Users/Larry%20polin/Downloads/Edukes%20(3)/Edukes%20(2)/Edukes%20(1)/Edukes/src/userpanel/DashboardAnjuranObat.java</file>
            <file>file:/C:/Users/Larry%20polin/Downloads/Edukes%20(3)/Edukes%20(2)/Edukes%20(1)/Edukes/src/userpanel/FormProfil.java</file>
            <file>file:/C:/Users/Larry%20polin/Downloads/Edukes%20(3)/Edukes%20(2)/Edukes%20(1)/Edukes/src/userpanel/Registrasi.java</file>
            <file>file:/C:/Users/Larry%20polin/Downloads/Edukes%20(3)/Edukes%20(2)/Edukes%20(1)/Edukes/src/main/Main.java</file>
            <file>file:/C:/Users/Larry%20polin/Downloads/Edukes%20(3)/Edukes%20(2)/Edukes%20(1)/Edukes/src/adminpanel/A_Edit_Anjuran_Obat.java</file>
            <file>file:/C:/Users/Larry%20polin/Downloads/Edukes%20(3)/Edukes%20(2)/Edukes%20(1)/Edukes/src/dao/AnjuranObatDao.java</file>
            <file>file:/C:/Users/Larry%20polin/Downloads/Edukes%20(3)/Edukes%20(2)/Edukes%20(1)/Edukes/src/controller/AnjuranObatController.java</file>
            <file>file:/C:/Users/Larry%20polin/Downloads/Edukes%20(3)/Edukes%20(2)/Edukes%20(1)/Edukes/src/controller/ArtikelController.java</file>
            <file>file:/C:/Users/Larry%20polin/Downloads/Edukes%20(3)/Edukes%20(2)/Edukes%20(1)/Edukes/src/service/AnjuranObatService.java</file>
            <file>file:/C:/Users/Larry%20polin/Downloads/Edukes%20(3)/Edukes%20(2)/Edukes%20(1)/Edukes/src/service/ObatService.java</file>
            <file>file:/C:/Users/Larry%20polin/Downloads/Edukes%20(3)/Edukes%20(2)/Edukes%20(1)/Edukes/src/adminpanel/A_Anjuran_Obat.java</file>
            <file>file:/C:/Users/Larry%20polin/Downloads/Edukes%20(3)/Edukes%20(2)/Edukes%20(1)/Edukes/src/ui/PencarianCBox.java</file>
            <file>file:/C:/Users/Larry%20polin/Downloads/Edukes%20(3)/Edukes%20(2)/Edukes%20(1)/Edukes/src/dao/ArtikelDao.java</file>
            <file>file:/C:/Users/Larry%20polin/Downloads/Edukes%20(3)/Edukes%20(2)/Edukes%20(1)/Edukes/src/adminpanel/A_Edit_Artikel.java</file>
            <file>file:/C:/Users/Larry%20polin/Downloads/Edukes%20(3)/Edukes%20(2)/Edukes%20(1)/Edukes/src/util/Sesi.java</file>
            <file>file:/C:/Users/Larry%20polin/Downloads/Edukes%20(3)/Edukes%20(2)/Edukes%20(1)/Edukes/src/model/Admin.java</file>
            <file>file:/C:/Users/Larry%20polin/Downloads/Edukes%20(3)/Edukes%20(2)/Edukes%20(1)/Edukes/src/model/Penyakit.java</file>
            <file>file:/C:/Users/Larry%20polin/Downloads/Edukes%20(3)/Edukes%20(2)/Edukes%20(1)/Edukes/src/controller/PenyakitController.java</file>
            <file>file:/C:/Users/Larry%20polin/Downloads/Edukes%20(3)/Edukes%20(2)/Edukes%20(1)/Edukes/src/controller/AuthController.java</file>
            <file>file:/C:/Users/Larry%20polin/Downloads/Edukes%20(3)/Edukes%20(2)/Edukes%20(1)/Edukes/src/controller/ObatController.java</file>
            <file>file:/C:/Users/Larry%20polin/Downloads/Edukes%20(3)/Edukes%20(2)/Edukes%20(1)/Edukes/src/dao/AdminDao.java</file>
            <file>file:/C:/Users/Larry%20polin/Downloads/Edukes%20(3)/Edukes%20(2)/Edukes%20(1)/Edukes/src/dao/AkunDao.java</file>
            <file>file:/C:/Users/Larry%20polin/Downloads/Edukes%20(3)/Edukes%20(2)/Edukes%20(1)/Edukes/src/dao/BaseDao.java</file>
            <file>file:/C:/Users/Larry%20polin/Downloads/Edukes%20(3)/Edukes%20(2)/Edukes%20(1)/Edukes/src/dao/InterfaceDao.java</file>
            <file>file:/C:/Users/Larry%20polin/Downloads/Edukes%20(3)/Edukes%20(2)/Edukes%20(1)/Edukes/src/dao/KategoriDao.java</file>
            <file>file:/C:/Users/Larry%20polin/Downloads/Edukes%20(3)/Edukes%20(2)/Edukes%20(1)/Edukes/src/dao/ObatDao.java</file>
            <file>file:/C:/Users/Larry%20polin/Downloads/Edukes%20(3)/Edukes%20(2)/Edukes%20(1)/Edukes/src/dao/PenyakitDao.java</file>
            <file>file:/C:/Users/Larry%20polin/Downloads/Edukes%20(3)/Edukes%20(2)/Edukes%20(1)/Edukes/src/dao/UserDao.java</file>
            <file>file:/C:/Users/Larry%20polin/Downloads/Edukes%20(3)/Edukes%20(2)/Edukes%20(1)/Edukes/src/model/Akun.java</file>
            <file>file:/C:/Users/Larry%20polin/Downloads/Edukes%20(3)/Edukes%20(2)/Edukes%20(1)/Edukes/src/service/AdminService.java</file>
            <file>file:/C:/Users/Larry%20polin/Downloads/Edukes%20(3)/Edukes%20(2)/Edukes%20(1)/Edukes/src/service/AkunService.java</file>
            <file>file:/C:/Users/Larry%20polin/Downloads/Edukes%20(3)/Edukes%20(2)/Edukes%20(1)/Edukes/src/service/ArtikelService.java</file>
            <file>file:/C:/Users/Larry%20polin/Downloads/Edukes%20(3)/Edukes%20(2)/Edukes%20(1)/Edukes/src/service/KategoriService.java</file>
            <file>file:/C:/Users/Larry%20polin/Downloads/Edukes%20(3)/Edukes%20(2)/Edukes%20(1)/Edukes/src/service/PenyakitService.java</file>
            <file>file:/C:/Users/Larry%20polin/Downloads/Edukes%20(3)/Edukes%20(2)/Edukes%20(1)/Edukes/src/service/UserService.java</file>
        </group>
    </open-files>
</project-private>
